Specialization,Certificates,Years of Experience,Client Reviews,Client Ratings,Monthly budget,Availability,Cooperation,Expert,Overview
"Weight Loss, Body Decomposition","MDT Cert. — McKenzie Method of Mechanical Diagnosis & Therapy, Kinesio Taping — Foundations (Kinesio Polska)",16,,3,500zł+,Saturday,On site,1,"Focuses on weight loss and body recomposition through structured exercise and nutritional coaching. Certified in MDT McKenzie — a system for spine assessment and self-management — and Kinesio Taping Foundations for pain relief and soft-tissue support. Typically works with clients seeking fat-loss, posture improvement, and better joint mechanics."
Rehabilitation training,MSc Physiotherapy),7,,3,30-60zł,Friday,Hybrid,2,Specializes in rehabilitation and mobility restoration. Holds an MSc in Physiotherapy and applies evidence-based manual therapy and exercise correction methods. Often works with clients recovering from musculoskeletal injuries or chronic pain who need progressive re-education of movement.
Physique Training,"Magister Dietetyki (BSc, REPs Polska — Akredytowany Trener Personalny",7,,4,0-30zł,Wednesday,Remote,3,"Works in physique and strength development. Certified personal trainer with advanced dietary education, combining nutrition programming with hypertrophy and conditioning work. Ideal for intermediate clients aiming to increase lean mass while improving movement efficiency."
Endurance Training,"PWZFz — Prawo wykonywania zawodu fizjoterapeuty, PNF Certificate (IPNFA Levels 1–5), FDM IC (Typaldos Method)",17,,4,0-30zł,Sunday,Hybrid,4,"Focuses on endurance and performance training. Certified in the Typaldos Method (FDM) and functional kinetic-chain rehabilitation, which target fascial restrictions and mobility deficits. Commonly supports runners and athletes seeking to recover from overuse injuries while enhancing resilience."
Functional Training,"Magister Fizjoterapii (BSc, Żywienie i wspomaganie dietetyczne w sporcie (AWF), MSc Physiotherapy), EREPS Personal Trainer EQF Level 4",13,,3,0-30zł,Saturday,On site,5,Specializes in functional training for everyday movement quality. Holds degrees in Physiotherapy and uses manual therapy and strength integration to rebuild posture and balance. Often assists clients managing chronic joint discomfort or seeking to improve coordination and load tolerance.
Mobility Training,"PhD: Doktor w dyscyplinie nauki o kulturze fizycznej (Physical Culture Sciences), Specjalizacja lekarska: Balneologia i medycyna fizykalna, EREPS Personal Trainer EQF Level 4",1,,1,60-100zł,Saturday,Hybrid,6,"Emphasizes mobility and flexibility training. Certified personal trainer (EQF Level 4) with a PhD in Physical Culture, integrating research-based stretching and neuromuscular control work. Suitable for individuals with restricted range of motion or stiff movement patterns."
Mobility Training,"REPs Polska — Akredytowany Trener Personalny, Magister Fizjoterapii (BSc, Exercise Trainer, MSc Dietetics)",20+,,4,0-30zł,Friday,Remote,7,"Focuses on strength and mobility through corrective exercise. Accredited by REPs Polska and certified as Strength and Exercise Trainer, emphasizing safe progression and proper technique. Commonly works with clients seeking to overcome muscular imbalances or improve functional stability."
Rehabilitation training,Lekarz (MD) + PWZ,13,,2,500zł+,Tuesday,On site,8,"Specializes in medical rehabilitation and physiotherapeutic care. Licensed MD with practice rights (PWZ), enabling integration of clinical assessment and exercise prescription. Ideal for clients with complex or post-surgical conditions requiring supervised recovery."
Endurance Training,PWZFz — Prawo wykonywania zawodu fizjoterapeuty,5,,4,30-60zł,Sunday,On site,9,Works primarily on endurance conditioning and injury prevention. Certified physiotherapist (PWZFz license) using structured mobility and load-management routines to build consistency. Frequently helps recreational athletes avoid strain and recover from repetitive-stress issues.
Strength Training,"MSc Physiotherapy), Specjalizacja lekarska: Rehabilitacja medyczna",2,,4,500zł+,Saturday,Remote,10,"Focuses on strength training and physical rehabilitation. Holds an MSc in Physiotherapy and certification in Rehabilitation Medicine, combining clinical knowledge with gym-based protocols. Suitable for clients aiming to rebuild capacity after musculoskeletal injuries."